[{"childCount":0,"path":"Classifications\\Frequency Type\\Annually","moduleId":-1,"objectTypeId":10015744,"objectTypeName":"triFrequencyType","guiId":-1,"id":8570052,"parentId":0,"sections":[],"sectionsByName":{}},{"childCount":0,"path":"Classifications\\Frequency Type\\Monthly","moduleId":-1,"objectTypeId":10015744,"objectTypeName":"triFrequencyType","guiId":-1,"id":8570054,"parentId":0,"sections":[],"sectionsByName":{}},{"childCount":0,"path":"Classifications\\Frequency Type\\Other","moduleId":-1,"objectTypeId":10015744,"objectTypeName":"triFrequencyType","guiId":-1,"id":8570055,"parentId":0,"sections":[],"sectionsByName":{}},{"childCount":0,"path":"Classifications\\Frequency Type\\Quarterly","moduleId":-1,"objectTypeId":10015744,"objectTypeName":"triFrequencyType","guiId":-1,"id":8570056,"parentId":0,"sections":[],"sectionsByName":{}},{"childCount":0,"path":"Classifications\\Frequency Type\\Semi-Annually","moduleId":-1,"objectTypeId":10015744,"objectTypeName":"triFrequencyType","guiId":-1,"id":8570057,"parentId":0,"sections":[],"sectionsByName":{}}]