[{"childCount":0,"path":"Classifications\\Payment Type\\Administrative Fees","moduleId":-1,"objectTypeId":10002019,"objectTypeName":"triPaymentType","guiId":-1,"id":1604885,"parentId":0,"sections":[],"sectionsByName":{}},{"childCount":0,"path":"Classifications\\Payment Type\\Air Conditioning Charges","moduleId":-1,"objectTypeId":10002019,"objectTypeName":"triPaymentType","guiId":-1,"id":1604888,"parentId":0,"sections":[],"sectionsByName":{}},{"childCount":0,"path":"Classifications\\Payment Type\\Amortization","moduleId":-1,"objectTypeId":10002019,"objectTypeName":"triPaymentType","guiId":-1,"id":1604889,"parentId":0,"sections":[],"sectionsByName":{}},{"childCount":0,"path":"Classifications\\Payment Type\\Antenna Rent","moduleId":-1,"objectTypeId":10002019,"objectTypeName":"triPaymentType","guiId":-1,"id":1604890,"parentId":0,"sections":[],"sectionsByName":{}},{"childCount":0,"path":"Classifications\\Payment Type\\Architectural Fees","moduleId":-1,"objectTypeId":10002019,"objectTypeName":"triPaymentType","guiId":-1,"id":14722544,"parentId":0,"sections":[],"sectionsByName":{}},{"childCount":0,"path":"Classifications\\Payment Type\\ARO (Non-Rent)","moduleId":-1,"objectTypeId":10002019,"objectTypeName":"triPaymentType","guiId":-1,"id":127900078,"parentId":0,"sections":[],"sectionsByName":{}},{"childCount":0,"path":"Classifications\\Payment Type\\Asset Retirement Obligation","moduleId":-1,"objectTypeId":10002019,"objectTypeName":"triPaymentType","guiId":-1,"id":127900079,"parentId":0,"sections":[],"sectionsByName":{}},{"childCount":0,"path":"Classifications\\Payment Type\\Broker Commissions","moduleId":-1,"objectTypeId":10002019,"objectTypeName":"triPaymentType","guiId":-1,"id":14722562,"parentId":0,"sections":[],"sectionsByName":{}},{"childCount":0,"path":"Classifications\\Payment Type\\Building Insurance","moduleId":-1,"objectTypeId":10002019,"objectTypeName":"triPaymentType","guiId":-1,"id":1831838,"parentId":0,"sections":[],"sectionsByName":{}},{"childCount":0,"path":"Classifications\\Payment Type\\Caf/Security Subsidy","moduleId":-1,"objectTypeId":10002019,"objectTypeName":"triPaymentType","guiId":-1,"id":1604892,"parentId":0,"sections":[],"sectionsByName":{}},{"childCount":0,"path":"Classifications\\Payment Type\\Commissions","moduleId":-1,"objectTypeId":10002019,"objectTypeName":"triPaymentType","guiId":-1,"id":14722533,"parentId":0,"sections":[],"sectionsByName":{}},{"childCount":0,"path":"Classifications\\Payment Type\\Common Area Maintenance","moduleId":-1,"objectTypeId":10002019,"objectTypeName":"triPaymentType","guiId":-1,"id":1604893,"parentId":0,"sections":[],"sectionsByName":{}},{"childCount":0,"path":"Classifications\\Payment Type\\Condo Fees","moduleId":-1,"objectTypeId":10002019,"objectTypeName":"triPaymentType","guiId":-1,"id":1604894,"parentId":0,"sections":[],"sectionsByName":{}},{"childCount":0,"path":"Classifications\\Payment Type\\Copier","moduleId":-1,"objectTypeId":10002019,"objectTypeName":"triPaymentType","guiId":-1,"id":1604895,"parentId":0,"sections":[],"sectionsByName":{}},{"childCount":0,"path":"Classifications\\Payment Type\\Customer Specific Relocation Expense","moduleId":-1,"objectTypeId":10002019,"objectTypeName":"triPaymentType","guiId":-1,"id":14722545,"parentId":0,"sections":[],"sectionsByName":{}},{"childCount":0,"path":"Classifications\\Payment Type\\Demolition","moduleId":-1,"objectTypeId":10002019,"objectTypeName":"triPaymentType","guiId":-1,"id":14722546,"parentId":0,"sections":[],"sectionsByName":{}},{"childCount":0,"path":"Classifications\\Payment Type\\Deposit","moduleId":-1,"objectTypeId":10002019,"objectTypeName":"triPaymentType","guiId":-1,"id":2771363,"parentId":0,"sections":[],"sectionsByName":{}},{"childCount":0,"path":"Classifications\\Payment Type\\Deposit (Refundable)","moduleId":-1,"objectTypeId":10002019,"objectTypeName":"triPaymentType","guiId":-1,"id":127982929,"parentId":0,"sections":[],"sectionsByName":{}},{"childCount":0,"path":"Classifications\\Payment Type\\Depreciation","moduleId":-1,"objectTypeId":10002019,"objectTypeName":"triPaymentType","guiId":-1,"id":1604896,"parentId":0,"sections":[],"sectionsByName":{}},{"childCount":0,"path":"Classifications\\Payment Type\\Design Fees","moduleId":-1,"objectTypeId":10002019,"objectTypeName":"triPaymentType","guiId":-1,"id":14722563,"parentId":0,"sections":[],"sectionsByName":{}},{"childCount":0,"path":"Classifications\\Payment Type\\Down Payment","moduleId":-1,"objectTypeId":10002019,"objectTypeName":"triPaymentType","guiId":-1,"id":127891746,"parentId":0,"sections":[],"sectionsByName":{}},{"childCount":0,"path":"Classifications\\Payment Type\\Electricity Charges","moduleId":-1,"objectTypeId":10002019,"objectTypeName":"triPaymentType","guiId":-1,"id":1604897,"parentId":0,"sections":[],"sectionsByName":{}},{"childCount":0,"path":"Classifications\\Payment Type\\Equipment Rental","moduleId":-1,"objectTypeId":10002019,"objectTypeName":"triPaymentType","guiId":-1,"id":1604898,"parentId":0,"sections":[],"sectionsByName":{}},{"childCount":0,"path":"Classifications\\Payment Type\\Executive Lounge","moduleId":-1,"objectTypeId":10002019,"objectTypeName":"triPaymentType","guiId":-1,"id":1604899,"parentId":0,"sections":[],"sectionsByName":{}},{"childCount":0,"path":"Classifications\\Payment Type\\Expansion Rent","moduleId":-1,"objectTypeId":10002019,"objectTypeName":"triPaymentType","guiId":-1,"id":1604900,"parentId":0,"sections":[],"sectionsByName":{}},{"childCount":0,"path":"Classifications\\Payment Type\\Facility Management Fee","moduleId":-1,"objectTypeId":10002019,"objectTypeName":"triPaymentType","guiId":-1,"id":1604901,"parentId":0,"sections":[],"sectionsByName":{}},{"childCount":0,"path":"Classifications\\Payment Type\\Fax","moduleId":-1,"objectTypeId":10002019,"objectTypeName":"triPaymentType","guiId":-1,"id":1604902,"parentId":0,"sections":[],"sectionsByName":{}},{"childCount":0,"path":"Classifications\\Payment Type\\Federal Taxes","moduleId":-1,"objectTypeId":10002019,"objectTypeName":"triPaymentType","guiId":-1,"id":1604905,"parentId":0,"sections":[],"sectionsByName":{}},{"childCount":0,"path":"Classifications\\Payment Type\\FF\u0026E Liquidation","moduleId":-1,"objectTypeId":10002019,"objectTypeName":"triPaymentType","guiId":-1,"id":14722547,"parentId":0,"sections":[],"sectionsByName":{}},{"childCount":0,"path":"Classifications\\Payment Type\\FF\u0026E Purchases","moduleId":-1,"objectTypeId":10002019,"objectTypeName":"triPaymentType","guiId":-1,"id":14722540,"parentId":0,"sections":[],"sectionsByName":{}},{"childCount":0,"path":"Classifications\\Payment Type\\Free Rent","moduleId":-1,"objectTypeId":10002019,"objectTypeName":"triPaymentType","guiId":-1,"id":14722556,"parentId":0,"sections":[],"sectionsByName":{}},{"childCount":0,"path":"Classifications\\Payment Type\\Furniture","moduleId":-1,"objectTypeId":10002019,"objectTypeName":"triPaymentType","guiId":-1,"id":1604906,"parentId":0,"sections":[],"sectionsByName":{}},{"childCount":0,"path":"Classifications\\Payment Type\\Gas Charges","moduleId":-1,"objectTypeId":10002019,"objectTypeName":"triPaymentType","guiId":-1,"id":1604907,"parentId":0,"sections":[],"sectionsByName":{}},{"childCount":0,"path":"Classifications\\Payment Type\\Heating Charges","moduleId":-1,"objectTypeId":10002019,"objectTypeName":"triPaymentType","guiId":-1,"id":1604909,"parentId":0,"sections":[],"sectionsByName":{}},{"childCount":0,"path":"Classifications\\Payment Type\\Installation Fee","moduleId":-1,"objectTypeId":10002019,"objectTypeName":"triPaymentType","guiId":-1,"id":128225812,"parentId":0,"sections":[],"sectionsByName":{}},{"childCount":0,"path":"Classifications\\Payment Type\\Insurance","moduleId":-1,"objectTypeId":10002019,"objectTypeName":"triPaymentType","guiId":-1,"id":1604910,"parentId":0,"sections":[],"sectionsByName":{}},{"childCount":0,"path":"Classifications\\Payment Type\\Janitorial Services","moduleId":-1,"objectTypeId":10002019,"objectTypeName":"triPaymentType","guiId":-1,"id":1604911,"parentId":0,"sections":[],"sectionsByName":{}},{"childCount":0,"path":"Classifications\\Payment Type\\Kitchen","moduleId":-1,"objectTypeId":10002019,"objectTypeName":"triPaymentType","guiId":-1,"id":1604912,"parentId":0,"sections":[],"sectionsByName":{}},{"childCount":0,"path":"Classifications\\Payment Type\\Landscaping Charges","moduleId":-1,"objectTypeId":10002019,"objectTypeName":"triPaymentType","guiId":-1,"id":1604913,"parentId":0,"sections":[],"sectionsByName":{}},{"childCount":0,"path":"Classifications\\Payment Type\\Leasehold Improvements","moduleId":-1,"objectTypeId":10002019,"objectTypeName":"triPaymentType","guiId":-1,"id":14722541,"parentId":0,"sections":[],"sectionsByName":{}},{"childCount":0,"path":"Classifications\\Payment Type\\Lessee RVG","moduleId":-1,"objectTypeId":10002019,"objectTypeName":"triPaymentType","guiId":-1,"id":127886387,"parentId":0,"sections":[],"sectionsByName":{}},{"childCount":0,"path":"Classifications\\Payment Type\\LL Cash Payment","moduleId":-1,"objectTypeId":10002019,"objectTypeName":"triPaymentType","guiId":-1,"id":14722534,"parentId":0,"sections":[],"sectionsByName":{}},{"childCount":0,"path":"Classifications\\Payment Type\\Local Taxes 1 (Int\u0027l)","moduleId":-1,"objectTypeId":10002019,"objectTypeName":"triPaymentType","guiId":-1,"id":1604914,"parentId":0,"sections":[],"sectionsByName":{}},{"childCount":0,"path":"Classifications\\Payment Type\\Local Taxes 2 (Int\u0027l)","moduleId":-1,"objectTypeId":10002019,"objectTypeName":"triPaymentType","guiId":-1,"id":1604915,"parentId":0,"sections":[],"sectionsByName":{}},{"childCount":0,"path":"Classifications\\Payment Type\\Local Taxes 3 (Int\u0027l)","moduleId":-1,"objectTypeId":10002019,"objectTypeName":"triPaymentType","guiId":-1,"id":1604916,"parentId":0,"sections":[],"sectionsByName":{}},{"childCount":0,"path":"Classifications\\Payment Type\\Local Taxes 4 (Int\u0027l)","moduleId":-1,"objectTypeId":10002019,"objectTypeName":"triPaymentType","guiId":-1,"id":1604917,"parentId":0,"sections":[],"sectionsByName":{}},{"childCount":0,"path":"Classifications\\Payment Type\\Locker Fee","moduleId":-1,"objectTypeId":10002019,"objectTypeName":"triPaymentType","guiId":-1,"id":1604918,"parentId":0,"sections":[],"sectionsByName":{}},{"childCount":0,"path":"Classifications\\Payment Type\\Mail","moduleId":-1,"objectTypeId":10002019,"objectTypeName":"triPaymentType","guiId":-1,"id":1604919,"parentId":0,"sections":[],"sectionsByName":{}},{"childCount":0,"path":"Classifications\\Payment Type\\Modem","moduleId":-1,"objectTypeId":10002019,"objectTypeName":"triPaymentType","guiId":-1,"id":1604920,"parentId":0,"sections":[],"sectionsByName":{}},{"childCount":0,"path":"Classifications\\Payment Type\\Moving Allowance","moduleId":-1,"objectTypeId":10002019,"objectTypeName":"triPaymentType","guiId":-1,"id":14722548,"parentId":0,"sections":[],"sectionsByName":{}},{"childCount":0,"path":"Classifications\\Payment Type\\Moving Expense","moduleId":-1,"objectTypeId":10002019,"objectTypeName":"triPaymentType","guiId":-1,"id":14722549,"parentId":0,"sections":[],"sectionsByName":{}},{"childCount":0,"path":"Classifications\\Payment Type\\Office Services","moduleId":-1,"objectTypeId":10002019,"objectTypeName":"triPaymentType","guiId":-1,"id":1604921,"parentId":0,"sections":[],"sectionsByName":{}},{"childCount":0,"path":"Classifications\\Payment Type\\Office Space Construction","moduleId":-1,"objectTypeId":10002019,"objectTypeName":"triPaymentType","guiId":-1,"id":14722550,"parentId":0,"sections":[],"sectionsByName":{}},{"childCount":0,"path":"Classifications\\Payment Type\\Oil Charges","moduleId":-1,"objectTypeId":10002019,"objectTypeName":"triPaymentType","guiId":-1,"id":1604923,"parentId":0,"sections":[],"sectionsByName":{}},{"childCount":0,"path":"Classifications\\Payment Type\\Operating Expenses","moduleId":-1,"objectTypeId":10002019,"objectTypeName":"triPaymentType","guiId":-1,"id":1604925,"parentId":0,"sections":[],"sectionsByName":{}},{"childCount":0,"path":"Classifications\\Payment Type\\Optional","moduleId":-1,"objectTypeId":10002019,"objectTypeName":"triPaymentType","guiId":-1,"id":14722557,"parentId":0,"sections":[],"sectionsByName":{}},{"childCount":0,"path":"Classifications\\Payment Type\\OPX Reconciliation","moduleId":-1,"objectTypeId":10002019,"objectTypeName":"triPaymentType","guiId":-1,"id":1604927,"parentId":0,"sections":[],"sectionsByName":{}},{"childCount":0,"path":"Classifications\\Payment Type\\Other","moduleId":-1,"objectTypeId":10002019,"objectTypeName":"triPaymentType","guiId":-1,"id":1604930,"parentId":0,"sections":[],"sectionsByName":{}},{"childCount":0,"path":"Classifications\\Payment Type\\Other Exit Costs","moduleId":-1,"objectTypeId":10002019,"objectTypeName":"triPaymentType","guiId":-1,"id":14722535,"parentId":0,"sections":[],"sectionsByName":{}},{"childCount":0,"path":"Classifications\\Payment Type\\Other Professional Fees","moduleId":-1,"objectTypeId":10002019,"objectTypeName":"triPaymentType","guiId":-1,"id":14722551,"parentId":0,"sections":[],"sectionsByName":{}},{"childCount":0,"path":"Classifications\\Payment Type\\Other Project Costs","moduleId":-1,"objectTypeId":10002019,"objectTypeName":"triPaymentType","guiId":-1,"id":14722552,"parentId":0,"sections":[],"sectionsByName":{}},{"childCount":0,"path":"Classifications\\Payment Type\\Pantry Charge","moduleId":-1,"objectTypeId":10002019,"objectTypeName":"triPaymentType","guiId":-1,"id":1604933,"parentId":0,"sections":[],"sectionsByName":{}},{"childCount":0,"path":"Classifications\\Payment Type\\Parking","moduleId":-1,"objectTypeId":10002019,"objectTypeName":"triPaymentType","guiId":-1,"id":1604942,"parentId":0,"sections":[],"sectionsByName":{}},{"childCount":0,"path":"Classifications\\Payment Type\\PBX Switch for Phone","moduleId":-1,"objectTypeId":10002019,"objectTypeName":"triPaymentType","guiId":-1,"id":1604944,"parentId":0,"sections":[],"sectionsByName":{}},{"childCount":0,"path":"Classifications\\Payment Type\\Percentage Rent","moduleId":-1,"objectTypeId":10002019,"objectTypeName":"triPaymentType","guiId":-1,"id":2884657,"parentId":0,"sections":[],"sectionsByName":{}},{"childCount":0,"path":"Classifications\\Payment Type\\Postage","moduleId":-1,"objectTypeId":10002019,"objectTypeName":"triPaymentType","guiId":-1,"id":1604946,"parentId":0,"sections":[],"sectionsByName":{}},{"childCount":0,"path":"Classifications\\Payment Type\\Prepaid Rent","moduleId":-1,"objectTypeId":10002019,"objectTypeName":"triPaymentType","guiId":-1,"id":127900080,"parentId":0,"sections":[],"sectionsByName":{}},{"childCount":0,"path":"Classifications\\Payment Type\\Property Taxes","moduleId":-1,"objectTypeId":10002019,"objectTypeName":"triPaymentType","guiId":-1,"id":14722554,"parentId":0,"sections":[],"sectionsByName":{}},{"childCount":0,"path":"Classifications\\Payment Type\\Purchase","moduleId":-1,"objectTypeId":10002019,"objectTypeName":"triPaymentType","guiId":-1,"id":128272925,"parentId":0,"sections":[],"sectionsByName":{}},{"childCount":0,"path":"Classifications\\Payment Type\\Rent","moduleId":-1,"objectTypeId":10002019,"objectTypeName":"triPaymentType","guiId":-1,"id":1604947,"parentId":0,"sections":[],"sectionsByName":{}},{"childCount":0,"path":"Classifications\\Payment Type\\Rent Abatement","moduleId":-1,"objectTypeId":10002019,"objectTypeName":"triPaymentType","guiId":-1,"id":1604951,"parentId":0,"sections":[],"sectionsByName":{}},{"childCount":0,"path":"Classifications\\Payment Type\\Rental Income","moduleId":-1,"objectTypeId":10002019,"objectTypeName":"triPaymentType","guiId":-1,"id":14722559,"parentId":0,"sections":[],"sectionsByName":{}},{"childCount":0,"path":"Classifications\\Payment Type\\Repair and Maintenance","moduleId":-1,"objectTypeId":10002019,"objectTypeName":"triPaymentType","guiId":-1,"id":14722555,"parentId":0,"sections":[],"sectionsByName":{}},{"childCount":0,"path":"Classifications\\Payment Type\\Reserved","moduleId":-1,"objectTypeId":10002019,"objectTypeName":"triPaymentType","guiId":-1,"id":14722558,"parentId":0,"sections":[],"sectionsByName":{}},{"childCount":0,"path":"Classifications\\Payment Type\\Roof Charge","moduleId":-1,"objectTypeId":10002019,"objectTypeName":"triPaymentType","guiId":-1,"id":1604952,"parentId":0,"sections":[],"sectionsByName":{}},{"childCount":0,"path":"Classifications\\Payment Type\\Sales Tax","moduleId":-1,"objectTypeId":10002019,"objectTypeName":"triPaymentType","guiId":-1,"id":1604953,"parentId":0,"sections":[],"sectionsByName":{}},{"childCount":0,"path":"Classifications\\Payment Type\\Satellite Dish Removal","moduleId":-1,"objectTypeId":10002019,"objectTypeName":"triPaymentType","guiId":-1,"id":14722564,"parentId":0,"sections":[],"sectionsByName":{}},{"childCount":0,"path":"Classifications\\Payment Type\\Secretarial","moduleId":-1,"objectTypeId":10002019,"objectTypeName":"triPaymentType","guiId":-1,"id":1604956,"parentId":0,"sections":[],"sectionsByName":{}},{"childCount":0,"path":"Classifications\\Payment Type\\Security Charges","moduleId":-1,"objectTypeId":10002019,"objectTypeName":"triPaymentType","guiId":-1,"id":1604958,"parentId":0,"sections":[],"sectionsByName":{}},{"childCount":0,"path":"Classifications\\Payment Type\\Service Charges","moduleId":-1,"objectTypeId":10002019,"objectTypeName":"triPaymentType","guiId":-1,"id":14722560,"parentId":0,"sections":[],"sectionsByName":{}},{"childCount":0,"path":"Classifications\\Payment Type\\Services","moduleId":-1,"objectTypeId":10002019,"objectTypeName":"triPaymentType","guiId":-1,"id":1604960,"parentId":0,"sections":[],"sectionsByName":{}},{"childCount":0,"path":"Classifications\\Payment Type\\Signage Installation","moduleId":-1,"objectTypeId":10002019,"objectTypeName":"triPaymentType","guiId":-1,"id":14722553,"parentId":0,"sections":[],"sectionsByName":{}},{"childCount":0,"path":"Classifications\\Payment Type\\Signage Removal","moduleId":-1,"objectTypeId":10002019,"objectTypeName":"triPaymentType","guiId":-1,"id":14722536,"parentId":0,"sections":[],"sectionsByName":{}},{"childCount":0,"path":"Classifications\\Payment Type\\Signage Rent","moduleId":-1,"objectTypeId":10002019,"objectTypeName":"triPaymentType","guiId":-1,"id":1604962,"parentId":0,"sections":[],"sectionsByName":{}},{"childCount":0,"path":"Classifications\\Payment Type\\Site Cleanup","moduleId":-1,"objectTypeId":10002019,"objectTypeName":"triPaymentType","guiId":-1,"id":14722537,"parentId":0,"sections":[],"sectionsByName":{}},{"childCount":0,"path":"Classifications\\Payment Type\\Site Demolition","moduleId":-1,"objectTypeId":10002019,"objectTypeName":"triPaymentType","guiId":-1,"id":14722538,"parentId":0,"sections":[],"sectionsByName":{}},{"childCount":0,"path":"Classifications\\Payment Type\\State Taxes","moduleId":-1,"objectTypeId":10002019,"objectTypeName":"triPaymentType","guiId":-1,"id":1604963,"parentId":0,"sections":[],"sectionsByName":{}},{"childCount":0,"path":"Classifications\\Payment Type\\Storage","moduleId":-1,"objectTypeId":10002019,"objectTypeName":"triPaymentType","guiId":-1,"id":1604964,"parentId":0,"sections":[],"sectionsByName":{}},{"childCount":0,"path":"Classifications\\Payment Type\\Straight Line Rent Capital Portion","moduleId":-1,"objectTypeId":10002019,"objectTypeName":"triPaymentType","guiId":-1,"id":2974415,"parentId":0,"sections":[],"sectionsByName":{}},{"childCount":0,"path":"Classifications\\Payment Type\\Straight Line Rent Liability","moduleId":-1,"objectTypeId":10002019,"objectTypeName":"triPaymentType","guiId":-1,"id":2876173,"parentId":0,"sections":[],"sectionsByName":{}},{"childCount":0,"path":"Classifications\\Payment Type\\Supplies","moduleId":-1,"objectTypeId":10002019,"objectTypeName":"triPaymentType","guiId":-1,"id":1604965,"parentId":0,"sections":[],"sectionsByName":{}},{"childCount":0,"path":"Classifications\\Payment Type\\T1 lines","moduleId":-1,"objectTypeId":10002019,"objectTypeName":"triPaymentType","guiId":-1,"id":1604967,"parentId":0,"sections":[],"sectionsByName":{}},{"childCount":0,"path":"Classifications\\Payment Type\\Tax","moduleId":-1,"objectTypeId":10002019,"objectTypeName":"triPaymentType","guiId":-1,"id":1604968,"parentId":0,"sections":[],"sectionsByName":{}},{"childCount":0,"path":"Classifications\\Payment Type\\Tax Reconciliation","moduleId":-1,"objectTypeId":10002019,"objectTypeName":"triPaymentType","guiId":-1,"id":1604969,"parentId":0,"sections":[],"sectionsByName":{}},{"childCount":0,"path":"Classifications\\Payment Type\\Technology Purchases - Capitalized","moduleId":-1,"objectTypeId":10002019,"objectTypeName":"triPaymentType","guiId":-1,"id":14722561,"parentId":0,"sections":[],"sectionsByName":{}},{"childCount":0,"path":"Classifications\\Payment Type\\Technology Purchases - Expensed","moduleId":-1,"objectTypeId":10002019,"objectTypeName":"triPaymentType","guiId":-1,"id":14722542,"parentId":0,"sections":[],"sectionsByName":{}},{"childCount":0,"path":"Classifications\\Payment Type\\Telephone","moduleId":-1,"objectTypeId":10002019,"objectTypeName":"triPaymentType","guiId":-1,"id":1604970,"parentId":0,"sections":[],"sectionsByName":{}},{"childCount":0,"path":"Classifications\\Payment Type\\Telephone Equipment Rental","moduleId":-1,"objectTypeId":10002019,"objectTypeName":"triPaymentType","guiId":-1,"id":1604971,"parentId":0,"sections":[],"sectionsByName":{}},{"childCount":0,"path":"Classifications\\Payment Type\\Tenant Improvement Incentive","moduleId":-1,"objectTypeId":10002019,"objectTypeName":"triPaymentType","guiId":-1,"id":2879950,"parentId":0,"sections":[],"sectionsByName":{}},{"childCount":0,"path":"Classifications\\Payment Type\\Termination Fee","moduleId":-1,"objectTypeId":10002019,"objectTypeName":"triPaymentType","guiId":-1,"id":1604972,"parentId":0,"sections":[],"sectionsByName":{}},{"childCount":0,"path":"Classifications\\Payment Type\\Utilities","moduleId":-1,"objectTypeId":10002019,"objectTypeName":"triPaymentType","guiId":-1,"id":1604973,"parentId":0,"sections":[],"sectionsByName":{}},{"childCount":0,"path":"Classifications\\Payment Type\\Utilities Reconciliation","moduleId":-1,"objectTypeId":10002019,"objectTypeName":"triPaymentType","guiId":-1,"id":1604974,"parentId":0,"sections":[],"sectionsByName":{}},{"childCount":0,"path":"Classifications\\Payment Type\\Value Added Tax","moduleId":-1,"objectTypeId":10002019,"objectTypeName":"triPaymentType","guiId":-1,"id":1604975,"parentId":0,"sections":[],"sectionsByName":{}},{"childCount":0,"path":"Classifications\\Payment Type\\Voice Mail","moduleId":-1,"objectTypeId":10002019,"objectTypeName":"triPaymentType","guiId":-1,"id":1604976,"parentId":0,"sections":[],"sectionsByName":{}},{"childCount":0,"path":"Classifications\\Payment Type\\Water Charges","moduleId":-1,"objectTypeId":10002019,"objectTypeName":"triPaymentType","guiId":-1,"id":1604977,"parentId":0,"sections":[],"sectionsByName":{}},{"childCount":0,"path":"Classifications\\Payment Type\\Wiring Installation","moduleId":-1,"objectTypeId":10002019,"objectTypeName":"triPaymentType","guiId":-1,"id":14722543,"parentId":0,"sections":[],"sectionsByName":{}},{"childCount":0,"path":"Classifications\\Payment Type\\Wiring Removal","moduleId":-1,"objectTypeId":10002019,"objectTypeName":"triPaymentType","guiId":-1,"id":14722539,"parentId":0,"sections":[],"sectionsByName":{}}]