{"result":[{"sequenceNumber":0,"languageId":1,"id":2033687,"value":"per Annual"},{"sequenceNumber":1,"languageId":1,"id":2033685,"value":"per Area (Annually)"},{"sequenceNumber":2,"languageId":1,"id":2033686,"value":"per Area (Monthly)"},{"sequenceNumber":3,"languageId":1,"id":2067947,"value":"per Area (Quarterly)"},{"sequenceNumber":4,"languageId":1,"id":2067946,"value":"per Area (Semi-Annually)"},{"sequenceNumber":5,"languageId":1,"id":2033688,"value":"per Month"},{"sequenceNumber":6,"languageId":1,"id":2067945,"value":"per Quarter"},{"sequenceNumber":7,"languageId":1,"id":2067944,"value":"per Semi-Annual"}],"listId":"111556"}